Date,Open,High,Low,Close,WAP,No. of Shares,No. of Trades,Total Turnover,Deliverable Quantity,% Deli. Qty to Traded Qty,Spread H-L,Spread C-O
30/01/2020,2161,2165.45,2125.5,2138.05,2139.06,78850,5440,168664661,39695,50.34,39.95,-22.95
29/01/2020,2187.25,2187.6,2148.65,2152.7,2163.37,179971,6509,389344261,133020,73.91,38.95,-34.55
28/01/2020,2172.3,2187.15,2153,2184.05,2176.62,158542,6357,345085253,107494,67.8,34.15,11.75
27/01/2020,2180,2193.45,2165,2168.65,2170.9,69104,3329,150017602,43574,63.06,28.45,-11.35
24/01/2020,2193.45,2193.45,2170.6,2184.6,2179.77,84902,5847,185066927,52188,61.47,22.85,-8.85
23/01/2020,2206.5,2217.2,2182.4,2193.45,2198.56,125220,9196,275303292,83780,66.91,34.8,-13.05
22/01/2020,2175.5,2210.1,2175.5,2206.5,2200.42,90713,5614,199606871,44040,48.55,34.6,31
21/01/2020,2174.95,2185,2160,2171.45,2170.57,43940,3860,95374939,9611,21.87,25,-3.5
20/01/2020,2194,2241.65,2156.7,2170.25,2182.35,214236,12384,467537318,93781,43.77,84.95,-23.75
17/01/2020,2242,2254.2,2213.05,2218.05,2229.3,71372,4668,159109249,18882,26.46,41.15,-23.95
16/01/2020,2225,2248.95,2220.4,2238.4,2235.44,61468,5291,137408233,14506,23.6,28.55,13.4
15/01/2020,2219,2231.55,2195,2226.55,2212.74,52151,3715,115396411,15309,29.36,36.55,7.55
14/01/2020,2199,2229.75,2198.75,2207.2,2217.21,121577,5440,269561866,62619,51.51,31,8.2
13/01/2020,2221,2221,2185.2,2191,2198.44,109319,7104,240330823,58219,53.26,35.8,-30
10/01/2020,2216,2233,2208,2213.85,2219.8,118682,6194,263450370,68967,58.11,25,-2.15
09/01/2020,2251.05,2251.05,2210.45,2216,2223.23,102267,6787,227363121,46375,45.35,40.6,-35.05
08/01/2020,2200,2259.95,2200,2255.05,2239.16,109402,8149,244968279,41723,38.14,59.95,55.05
07/01/2020,2201,2214.8,2184,2205.15,2204.49,44109,3583,97238058,9466,21.46,30.8,4.15
06/01/2020,2201,2226.4,2188.3,2200.15,2205.11,84845,5885,187092719,16410,19.34,38.1,-0.85
03/01/2020,2169,2223,2162.55,2200.4,2195.16,330173,8023,724783702,215288,65.2,60.45,31.4
02/01/2020,2173.1,2177.9,2150,2157.45,2159.02,56619,5570,122241681,22200,39.21,27.9,-15.65
01/01/2020,2170,2183.35,2154.25,2169.8,2171.63,36398,2476,79043025,7612,20.91,29.1,-0.2
31/12/2019,2185.25,2196.8,2158.3,2161.3,2171.6,39005,3573,84703347,10033,25.72,38.5,-23.95
30/12/2019,2202,2224.55,2176.5,2182.9,2192.83,49371,4198,108262037,13986,28.33,48.05,-19.1
27/12/2019,2210,2214.6,2178.35,2198.15,2191.54,60961,4403,133598289,14000,22.97,36.25,-11.85
26/12/2019,2219,2227.9,2197.1,2201.05,2207.56,49606,5823,109508031,18844,37.99,30.8,-17.95
24/12/2019,2244.95,2244.95,2210.9,2215.05,2223.02,39616,2620,88067287,9204,23.23,34.05,-29.9
23/12/2019,2217,2241.4,2211.6,2232.45,2229.61,53150,4482,118503617,16222,30.52,29.8,15.45
20/12/2019,2225,2246.15,2209.4,2222.55,2228.47,139678,8868,311268178,22232,15.92,36.75,-2.45
19/12/2019,2165.15,2235.85,2165,2228.65,2204.44,170417,11002,375674190,53090,31.15,70.85,63.5
18/12/2019,2172,2203.6,2152.35,2167.25,2183.16,189902,10236,414587386,37877,19.95,51.25,-4.75
17/12/2019,2130,2169,2119.25,2165.65,2149.11,194169,8739,417289999,90403,46.56,49.75,35.65
16/12/2019,2095,2135.7,2080.95,2127.55,2116.15,184800,12550,391065271,51983,28.13,54.75,32.55
13/12/2019,2023,2076.45,2007.4,2071.7,2051.22,197206,12072,404512625,37642,19.09,69.05,48.7
12/12/2019,2047,2083.35,1983.85,2016.75,2037.95,192895,8958,393109785,44467,23.05,99.5,-30.25
11/12/2019,2021.05,2047,2007.95,2041.2,2032.18,239416,6680,486535866,139370,58.21,39.05,20.15
10/12/2019,2063.4,2063.55,2005,2012.5,2020.12,148258,9518,299499486,52946,35.71,58.55,-50.9
09/12/2019,2110,2128.15,2054.05,2060.7,2082.86,89534,8754,186486974,28570,31.91,74.1,-49.3
06/12/2019,2130,2130,2101,2122.95,2115.22,184863,5191,391025613,15547,8.41,29,-7.05
05/12/2019,2065,2126,2065,2121.5,2098.19,251530,10189,527758089,39508,15.71,61,56.5
04/12/2019,2045,2081.85,2045,2079,2066.85,269706,6175,557441138,166777,61.84,36.85,34
03/12/2019,2025.1,2061.8,2011,2050.4,2023.69,792810,6950,1604398797,560818,70.74,50.8,25.3
02/12/2019,2060,2079,2017,2020.95,2041.16,191856,8371,391607908,138609,72.25,62,-39.05
29/11/2019,2085,2085,2046,2052.7,2054.97,104712,6087,215180224,65263,62.33,39,-32.3
28/11/2019,2069.8,2093.95,2061.3,2077.35,2082.31,93915,6333,195560077,39005,41.53,32.65,7.55
27/11/2019,2048.15,2071,2047.55,2053.45,2056.76,97304,6271,200131375,49086,50.45,23.45,5.3
26/11/2019,2090,2097.9,2036,2046.9,2066.11,142885,7546,295215752,69002,48.29,61.9,-43.1
25/11/2019,2082,2085.7,2053.2,2080.2,2077.07,126304,6277,262342812,67357,53.33,32.5,-1.8
22/11/2019,2110,2110,2061,2070.55,2077.71,146157,8391,303672561,48855,33.43,49,-39.45
21/11/2019,2110,2126.75,2108.15,2117.05,2121.28,74769,4502,158605706,32661,43.68,18.6,7.05
20/11/2019,2116.1,2135.8,2095.1,2108,2112.32,76522,7236,161639107,28471,37.21,40.7,-8.1
19/11/2019,2152,2153.95,2105.1,2108.3,2117.09,100949,7554,213718104,53010,52.51,48.85,-43.7
18/11/2019,2187,2187.65,2148.15,2151.75,2161.72,406587,3640,878926700,379546,93.35,39.5,-35.25
15/11/2019,2199,2211,2168.55,2174.8,2192.88,70965,3651,155618039,18576,26.18,42.45,-24.2
14/11/2019,2181,2199.55,2145.35,2195.6,2181.37,106873,4763,233129159,23841,22.31,54.2,14.6
13/11/2019,2110.2,2182,2110.2,2178.55,2162.51,135698,6147,293448318,57573,42.43,71.8,68.35
11/11/2019,2144,2144,2091.3,2099.7,2104.09,142808,5004,300480680,49237,34.48,52.7,-44.3
08/11/2019,2185.5,2188.25,2124.75,2129.95,2153.92,110688,6294,238413160,57815,52.23,63.5,-55.55
07/11/2019,2196.1,2203.85,2176.05,2185.5,2186.13,44386,2551,97033459,15616,35.18,27.8,-10.6
06/11/2019,2201.6,2210.8,2178.95,2188.4,2192.49,57283,3266,125592443,15121,26.4,31.85,-13.2
05/11/2019,2192,2211.9,2169.1,2201.6,2188.6,58756,3506,128593250,15683,26.69,42.8,9.6
04/11/2019,2224.9,2229.7,2181.55,2193.8,2196.5,134752,5576,295982133,75235,55.83,48.15,-31.1
01/11/2019,2270,2274.2,2195.5,2202.05,2218.32,109603,9074,243134680,46017,41.99,78.7,-67.95
31/10/2019,2250,2285.5,2238,2270.2,2268.79,118046,5964,267821108,39120,33.14,47.5,20.2
30/10/2019,2217,2260,2176.75,2253.65,2232.5,152519,7049,340499068,54665,35.84,83.25,36.65
29/10/2019,2116.6,2200.95,2116.6,2196,2175.35,157630,7952,342899967,88184,55.94,84.35,79.4
27/10/2019,2130.5,2133.9,2110,2116.6,2118.17,13696,1486,29010450,9278,67.74,23.9,-13.9
25/10/2019,2088,2129.5,2075,2125.05,2104.38,108564,6983,228459751,53029,48.85,54.5,37.05
24/10/2019,2075.1,2099,2062,2082.2,2072.7,149770,4657,310427833,101241,67.6,37,7.1
23/10/2019,2065,2084,2052.6,2075.25,2071.04,60167,3847,124608553,18224,30.29,31.4,10.25
22/10/2019,2081,2109.95,2040.45,2051.65,2071.44,119818,6716,248195603,31776,26.52,69.5,-29.35
18/10/2019,2038,2064,2025.1,2057.35,2045.45,85260,3761,174395253,30349,35.6,38.9,19.35
17/10/2019,2015,2037.8,2001,2030.7,2017.79,131597,5348,265534765,68650,52.17,36.8,15.7
16/10/2019,2039,2056,2016.5,2045.85,2031.83,81105,4480,164791175,25851,31.87,39.5,6.85
15/10/2019,2028.8,2046.9,2024.2,2037.4,2039.88,137747,5694,280987193,96436,70.01,22.7,8.6
14/10/2019,2000,2031.9,1969,2020.95,2007.03,113276,6889,227348183,42109,37.17,62.9,20.95
11/10/2019,1933,1994.4,1929,1987.05,1960.55,477346,24449,935861556,159021,33.31,65.4,54.05
10/10/2019,2028,2039,1998.85,2004.4,2015.95,219994,9748,443496514,115035,52.29,40.15,-23.6
09/10/2019,2052.85,2056.7,2015.8,2020.65,2026.46,87599,7676,177516019,34826,39.76,40.9,-32.2
07/10/2019,2080,2094.8,2041.05,2052.85,2060.02,95756,5359,197258913,45672,47.7,53.75,-27.15
04/10/2019,2079.7,2087,2054.75,2078.65,2078.08,44798,3631,93093638,13735,30.66,32.25,-1.05
03/10/2019,2070,2081.05,2047,2058.85,2065.01,82996,3665,171387558,46837,56.43,34.05,-11.15
01/10/2019,2099.5,2099.55,2040.3,2059.7,2060.14,76242,5280,157068845,25819,33.86,59.25,-39.8
30/09/2019,2060.1,2103.9,2060.1,2099.2,2089.66,113250,6785,236653560,44654,39.43,43.8,39.1
27/09/2019,2087,2087,2053,2056.7,2064.39,84102,6423,173618930,35640,42.38,34,-30.3
26/09/2019,2091,2106.95,2063,2087.65,2084.56,97699,8381,203659669,36024,36.87,43.95,-3.35
25/09/2019,2057,2092.05,2057,2087.8,2074.82,167063,8601,346625163,51038,30.55,35.05,30.8
24/09/2019,2015,2062.35,2013.7,2044.3,2042.05,233358,14976,476528779,61349,26.29,48.65,29.3
23/09/2019,2085,2089,1975,2014.75,2011.06,470064,25358,945328515,203147,43.22,114,-70.25
20/09/2019,2102.5,2129.25,2055.6,2065.6,2086.81,261727,16465,546175415,101391,38.74,73.65,-36.9
19/09/2019,2138.85,2138.9,2091.55,2102.15,2104.32,74797,7047,157397109,23113,30.9,47.35,-36.7
18/09/2019,2115,2143.75,2114.3,2138.25,2134.48,81032,4861,172960809,20852,25.73,29.45,23.25
17/09/2019,2154,2155.85,2107,2121.35,2122.8,120315,7283,255404323,47693,39.64,48.85,-32.65
16/09/2019,2150.35,2173.5,2127.3,2149.15,2151.8,96788,7044,208268674,22557,23.31,46.2,-1.2
13/09/2019,2138,2157.9,2116.2,2141.35,2136.69,113836,8567,243231963,26575,23.34,41.7,3.35
12/09/2019,2154,2164.95,2120.65,2133.85,2136.01,77824,7912,166232672,25271,32.47,44.3,-20.15
11/09/2019,2192,2200,2147.05,2153.95,2162.38,83914,8289,181454261,36239,43.19,52.95,-38.05
09/09/2019,2203,2203,2180,2183.3,2188.61,48168,3903,105421063,19038,39.52,23,-19.7
06/09/2019,2215,2231.7,2190.85,2197.65,2204.2,56482,3971,124497763,17335,30.69,40.85,-17.35
05/09/2019,2246.65,2253.1,2208,2215.8,2225.05,54328,3778,120882552,15040,27.68,45.1,-30.85
04/09/2019,2269.7,2269.9,2234,2246.1,2248.97,44608,3143,100322139,18318,41.06,35.9,-23.6
03/09/2019,2259,2296,2237.15,2252.25,2277.68,69973,4784,159376194,19468,27.82,58.85,-6.75
30/08/2019,2236.05,2266.1,2218,2258.05,2240.11,56766,2812,127161826,14553,25.64,48.1,22
29/08/2019,2239,2248,2222.05,2233.3,2236.16,31047,2455,69426210,8948,28.82,25.95,-5.7
28/08/2019,2242,2251.1,2216.05,2239.65,2232.57,38316,2932,85542989,9574,24.99,35.05,-2.35
27/08/2019,2270,2273,2229,2237,2267.82,203658,5018,461859392,165961,81.49,44,-33
26/08/2019,2254,2280,2225.2,2275.1,2257.71,78887,4397,178104173,28981,36.74,54.8,21.1
23/08/2019,2221.5,2260,2212.75,2247.55,2244.83,83246,4710,186873526,21896,26.3,47.25,26.05
22/08/2019,2186.05,2235,2171,2214.9,2212.94,67488,3953,149346721,18818,27.88,64,28.85
21/08/2019,2187,2202.5,2180.95,2185.85,2194.55,64591,3048,141747925,10548,16.33,21.55,-1.15
20/08/2019,2168.5,2205.7,2168,2187.15,2178.11,294610,6908,641693586,166705,56.58,37.7,18.65
19/08/2019,2167,2185,2158.2,2163.55,2171.44,45987,2891,99857989,10231,22.25,26.8,-3.45
16/08/2019,2233,2237,2145.9,2163.5,2172.2,168125,6367,365201445,95477,56.79,91.1,-69.5
14/08/2019,2182,2217.8,2168.8,2204.65,2197.71,254492,5561,559299031,175274,68.87,49,22.65
13/08/2019,2250.2,2250.2,2195,2200.2,2214.49,78148,4554,173057748,24006,30.72,55.2,-50
09/08/2019,2270,2270,2242,2245.6,2253.19,47328,3921,106638947,13461,28.44,28,-24.4
08/08/2019,2222,2280.85,2220,2258.85,2248.51,91474,5172,205680438,28023,30.63,60.85,36.85
07/08/2019,2220,2238.5,2208.4,2214,2224.32,59921,3491,133283272,21461,35.82,30.1,-6
06/08/2019,2232,2251.75,2211.55,2215.45,2231.58,66361,4375,148089942,20662,31.14,40.2,-16.55
05/08/2019,2185,2250.4,2185,2248.55,2239.94,105681,7414,236719167,34735,32.87,65.4,63.55
02/08/2019,2179.9,2210,2166.4,2206.05,2177.33,192986,4626,420194057,61890,32.07,43.6,26.15
01/08/2019,2206,2217,2166.85,2179.9,2195.28,59288,3548,130153880,14770,24.91,50.15,-26.1
31/07/2019,2175,2210.95,2148.3,2205.4,2178.41,73304,4073,159686224,21500,29.33,62.65,30.4
30/07/2019,2125,2184.7,2121,2179,2163.72,81306,5314,175923081,26377,32.44,63.7,54
29/07/2019,2111,2141.75,2103.6,2129.5,2126.15,64054,3887,136188283,15956,24.91,38.15,18.5
26/07/2019,2111,2130.1,2096,2108.8,2109.18,43813,2866,92409461,13866,31.65,34.1,-2.2
25/07/2019,2115,2134.8,2094,2128.3,2117.2,60682,2952,128475796,22990,37.89,40.8,13.3
24/07/2019,2115,2120.65,2076.6,2096.7,2097.83,91060,4272,191028809,23811,26.15,44.05,-18.3
23/07/2019,2127.8,2128.95,2102.95,2111.8,2117.55,90107,4025,190806142,36997,41.06,26,-16
22/07/2019,2080,2117,2068.85,2109.7,2096.05,72161,4523,151253205,23839,33.04,48.15,29.7
19/07/2019,2095,2096.75,2064,2076.95,2082.87,89018,4561,185412760,34037,38.24,32.75,-18.05
18/07/2019,2115,2115,2060,2065.6,2082.58,95604,6283,199102779,41903,43.83,55,-49.4
17/07/2019,2106,2125,2092.55,2117.15,2112.34,94758,4404,200161427,30968,32.68,32.45,11.15
16/07/2019,2131.65,2131.65,2100.3,2105.3,2109.22,137617,5071,290264530,87369,63.49,31.35,-26.35
15/07/2019,2120,2153,2099,2145.2,2125.81,74130,5002,157586273,24849,33.52,54,25.2
12/07/2019,2108.5,2118,2094.05,2107.95,2109.27,59397,3033,125284387,28677,48.28,23.95,-0.55
11/07/2019,2124.6,2128.1,2087.05,2101.45,2102.61,102758,6238,216059539,37214,36.22,41.05,-23.15
10/07/2019,2081,2127.65,2070.1,2107.7,2102.79,264565,14876,556323391,41734,15.77,57.55,26.7
09/07/2019,2170.5,2175,2090,2131.45,2103.25,1132727,16578,2382402859,827633,73.07,85,-39.05
08/07/2019,2159,2184,2131,2176.1,2168.08,131169,6935,284384922,47009,35.84,53,17.1
05/07/2019,2241,2250,2139,2161.65,2169.34,1222990,18695,2653078384,898003,73.43,111,-79.35
04/07/2019,2237.3,2251.8,2232,2242.6,2240.82,55390,3137,124119072,23592,42.59,19.8,5.3
03/07/2019,2259.9,2259.9,2232.5,2237.2,2240.34,59889,3201,134171706,20549,34.31,27.4,-22.7
02/07/2019,2240,2257.35,2216.2,2252.75,2235.66,98136,3862,219398709,35127,35.79,41.15,12.75
01/07/2019,2239.65,2255,2207.65,2239.7,2238.11,106178,3612,237637606,50546,47.6,47.35,0.05
28/06/2019,2255,2261.25,2222.95,2227.25,2232.83,99596,3536,222381192,58730,58.97,38.3,-27.75
27/06/2019,2256.4,2264.8,2242.3,2252.65,2255.12,41248,2824,93019191,10698,25.94,22.5,-3.75
26/06/2019,2272.9,2272.9,2251.1,2253.7,2260.09,67735,2580,153087384,30908,45.63,21.8,-19.2
25/06/2019,2277,2277,2250.9,2266.75,2264.09,62663,3921,141874828,27234,43.46,26.1,-10.25
24/06/2019,2250,2279.9,2250,2275,2266.18,83606,3116,189466266,32129,38.43,29.9,25
21/06/2019,2280,2290.65,2242.05,2249.95,2264.76,115557,4031,261709052,74103,64.13,48.6,-30.05
20/06/2019,2230,2285,2214.05,2279,2252.28,133605,5227,300915820,57549,43.07,70.95,49
19/06/2019,2253,2275,2244.4,2259.9,2260.94,100800,4690,227902805,42981,42.64,30.6,6.9
18/06/2019,2249.8,2260,2232,2251.7,2247.37,84866,4341,190725583,33235,39.16,28,1.9
17/06/2019,2259.9,2262.8,2240.05,2245.6,2250.34,107409,3347,241706855,64908,60.43,22.75,-14.3
14/06/2019,2255,2262.55,2236.4,2252.3,2248.99,102702,3972,230975942,27694,26.97,26.15,-2.7
13/06/2019,2257,2285.05,2241.3,2250.25,2265.74,160534,6697,363728120,33846,21.08,43.75,-6.75
12/06/2019,2249,2267,2219.5,2258.45,2238.97,71366,4671,159786467,18021,25.25,47.5,9.45
11/06/2019,2237.9,2263,2233,2252.85,2251.43,121513,7323,273578399,44040,36.24,30,14.95
10/06/2019,2194.9,2234.95,2189.25,2231.1,2220.02,94323,6132,209398769,38369,40.68,45.7,36.2
07/06/2019,2177,2189,2145.2,2178.95,2164.36,84031,3675,181873595,22599,26.89,43.8,1.95
06/06/2019,2199,2199,2151.45,2167.4,2169.01,125991,4297,273275556,47591,37.77,47.55,-31.6
04/06/2019,2226,2226,2175,2182.45,2195.55,111042,6411,243798262,28743,25.88,51,-43.55
03/06/2019,2207.8,2248,2186,2240.35,2224.26,292099,6946,649702896,182472,62.47,62,32.55
31/05/2019,2159.95,2205,2155,2196.85,2183.71,165501,9375,361405883,61380,37.09,50,36.9
30/05/2019,2120,2153.4,2116.4,2145.4,2141.91,170973,8241,366209305,71407,41.76,37,25.4
29/05/2019,2071,2121.75,2071,2105.25,2109.97,199565,7348,421077094,91461,45.83,50.75,34.25
28/05/2019,2060,2097.45,2047.25,2075,2077.86,212368,7995,441270361,49071,23.11,50.2,15
27/05/2019,2060,2067.75,2040.4,2053.8,2053.63,222227,4334,456372645,147531,66.39,27.35,-6.2
24/05/2019,2074,2074,2034,2049.65,2052.2,102735,5345,210833252,26443,25.74,40,-24.35
23/05/2019,2100,2115.1,2049,2053.75,2070.88,167233,8725,346318833,71217,42.59,66.1,-46.25
22/05/2019,2114,2121.6,2076.7,2082.75,2091.54,122238,7052,255666199,46714,38.22,44.9,-31.25
21/05/2019,2145,2149.95,2101.6,2109.2,2120.61,87743,4177,186068945,35243,40.17,48.35,-35.8
20/05/2019,2126,2145,2050.25,2139.3,2114.68,131596,6546,278283431,25508,19.38,94.75,13.3
17/05/2019,2120.6,2134.95,2088.95,2096.35,2105.77,96029,3882,202215130,29385,30.6,46,-24.25
16/05/2019,2096,2123.4,2078.05,2109.45,2110.7,85235,3468,179905410,27415,32.16,45.35,13.45
15/05/2019,2105,2125.55,2084.6,2094.5,2102.51,122743,4987,258068759,46748,38.09,40.95,-10.5
14/05/2019,2137.5,2158.2,2074.5,2094.35,2101.13,107390,6246,225640635,28696,26.72,83.7,-43.15
13/05/2019,2140,2167,2122.85,2131.1,2137.06,154027,5231,329165670,69558,45.16,44.15,-8.9
10/05/2019,2174.35,2193.6,2125,2135.55,2157.38,105470,4688,227538482,26259,24.9,68.6,-38.8
09/05/2019,2145,2182,2138,2168.7,2169.79,80051,4070,173693526,24870,31.07,44,23.7
08/05/2019,2158,2167.75,2130.2,2152.65,2153.96,59590,3302,128354773,23867,40.05,37.55,-5.35
07/05/2019,2155,2185,2140.1,2150.35,2162.64,107919,4067,233389905,52929,49.05,44.9,-4.65
06/05/2019,2113,2165,2104.55,2154.7,2150.1,123793,4983,266167709,42450,34.29,60.45,41.7
03/05/2019,2191,2191,2125.15,2132.5,2155.69,167475,9327,361023581,53476,31.93,65.85,-58.5
02/05/2019,2260,2260,2209.45,2214.4,2227.54,67719,4309,150846764,21829,32.23,50.55,-45.6
30/04/2019,2230,2265,2230,2254.95,2250.95,125430,7582,282337203,45897,36.59,35,24.95
26/04/2019,2200,2244.55,2193.75,2238.3,2226.3,149597,7924,333047547,51617,34.5,50.8,38.3
25/04/2019,2169,2199,2169,2191.7,2180.87,97687,6216,213042496,29819,30.52,30,22.7
24/04/2019,2157.7,2195,2155.4,2185.45,2175.12,114028,5518,248024107,32359,28.38,39.6,27.75
23/04/2019,2166,2167.6,2135.1,2157.7,2148.69,74839,3515,160805976,19535,26.1,32.5,-8.3
22/04/2019,2148,2175.95,2147.25,2164.35,2169.78,186485,5344,404631777,99507,53.36,28.7,16.35
18/04/2019,2141,2150.05,2116.3,2145.5,2137.71,88311,4079,188783124,21185,23.99,33.75,4.5
16/04/2019,2116,2153.8,2116,2132.45,2137.56,237129,10848,506877767,61356,25.87,37.8,16.45
15/04/2019,2071,2115,2041.05,2110.05,2085.44,397080,17124,828084993,93127,23.45,73.95,39.05
12/04/2019,2040,2040,2008.05,2013.75,2021.32,164813,6209,333140262,50653,30.73,31.95,-26.25
11/04/2019,2048,2055.3,2012.35,2019.05,2030.15,133391,6837,270803870,37100,27.81,42.95,-28.95
10/04/2019,2098.6,2098.6,2038.55,2043.8,2055.71,108591,5031,223231661,26306,24.22,60.05,-54.8
09/04/2019,2074.7,2096.1,2057,2088.1,2085.45,124591,4965,259828114,35281,28.32,39.1,13.4
08/04/2019,2060,2078,2033.55,2069.75,2058.46,112239,5087,231039796,34812,31.02,44.45,9.75
05/04/2019,2029.7,2058.95,2020,2051.45,2042.88,152384,5206,311302633,31490,20.66,38.95,21.75
04/04/2019,2080,2080.75,2006,2014.3,2035.54,150806,7255,306971644,48203,31.96,74.75,-65.7
03/04/2019,2089.8,2089.8,2060,2080.25,2075.85,126061,4606,261683210,28333,22.48,29.8,-9.55
02/04/2019,2040,2084,2035.55,2079.5,2065.35,156214,6705,322637007,52626,33.69,48.45,39.5
01/04/2019,2010,2040,2009.25,2031.3,2009.37,532795,3804,1070580036,465054,87.29,30.75,21.3
29/03/2019,2017.9,2024.9,1986.75,2000.4,2003.16,148516,5648,297501384,38387,25.85,38.15,-17.5
28/03/2019,1978,2010.95,1972.4,2000.45,1991.72,204930,4876,408163317,101190,49.38,38.55,22.45
27/03/2019,1985,1998.25,1961,1968.2,1976.93,125014,5015,247143643,49681,39.74,37.25,-16.8
26/03/2019,1985,1994,1959,1981.8,1971.84,133616,6422,263470037,45268,33.88,35,-3.2
25/03/2019,2007,2010,1979.3,1986.9,2014.25,535545,5786,1078723894,461292,86.14,30.7,-20.1
22/03/2019,2015.5,2015.5,1985.5,2004.65,1997.99,151043,5535,301782366,49252,32.61,30,-10.85
20/03/2019,2025,2044.6,2002,2015.5,2025.92,154786,5939,313584186,31251,20.19,42.6,-9.5
19/03/2019,2026,2030,1996.4,2024.7,2010.78,82270,4832,165426646,16056,19.52,33.6,-1.3
18/03/2019,2045,2062.9,2012,2021.3,2034.37,108133,4523,219982995,21313,19.71,50.9,-23.7
15/03/2019,1993,2069,1993,2040.2,2040.03,184492,7657,376369821,42397,22.98,76,47.2
14/03/2019,2009,2009,1982.3,1988.6,1991.86,47407,3402,94428022,13475,28.42,26.7,-20.4
13/03/2019,2006.1,2015.15,1978.6,2001.15,2000.68,91421,4920,182904221,32373,35.41,36.55,-4.95
12/03/2019,2018,2024.9,2003.35,2012.55,2014.94,55412,3045,111651803,13945,25.17,21.55,-5.45
11/03/2019,2022.7,2032.8,2005.5,2014.1,2016.94,52839,2639,106572846,14909,28.22,27.3,-8.6
08/03/2019,2029,2032.6,2010.05,2022.3,2023.19,96587,4480,195413588,24130,24.98,22.55,-6.7
07/03/2019,2000.5,2021,2000.5,2011.5,2013.88,70885,5079,142754034,19949,28.14,20.5,11
06/03/2019,1990,2014.35,1986.45,1999.4,2002.28,110167,6353,220584830,33273,30.2,27.9,9.4
05/03/2019,2002,2005,1978.05,1987.85,1986.45,87491,4811,173796142,24913,28.47,26.95,-14.15
01/03/2019,1990,2005.95,1982.5,1991.65,1993.5,141607,8958,282293955,35422,25.01,23.45,1.65
28/02/2019,2065,2070,1977.85,1984.25,2006.62,342425,13887,687117555,119804,34.99,92.15,-80.75
27/02/2019,2037,2070,2020.85,2053.75,2048.69,142848,7002,292651276,20605,14.42,49.15,16.75
26/02/2019,1977,2038.65,1969.9,2032.35,2018.18,217075,8576,438095631,46050,21.21,68.75,55.35
25/02/2019,1927.15,1990,1927.15,1985,1963.84,124746,6033,244981740,30710,24.62,62.85,57.85
22/02/2019,1920,1930.5,1905,1925.9,1920.63,63686,2703,122317354,13712,21.53,25.5,5.9
21/02/2019,1924,1939.8,1898.65,1912.25,1922.57,199720,6301,383975842,49271,24.67,41.15,-11.75
20/02/2019,1913.95,1933.8,1882,1914.45,1908.91,246655,8171,470842698,83147,33.71,51.8,0.5
19/02/2019,1971.75,1971.75,1895,1904.85,1927.5,173030,7153,333514812,46777,27.03,76.75,-66.9
18/02/2019,2035,2044.1,1965.6,1971.75,1984.08,103574,4610,205499059,41347,39.92,78.5,-63.25
15/02/2019,2045,2052,2013,2030.9,2031.95,69676,3141,141577909,13632,19.56,39,-14.1
14/02/2019,2064,2075,2033.15,2044.65,2050.9,40054,2346,82146607,10172,25.4,41.85,-19.35
13/02/2019,2057,2082.75,2050.65,2068.6,2064.24,210280,4392,434067941,143997,68.48,32.1,11.6
12/02/2019,2070,2077,2020.35,2050.65,2043.34,88124,4670,180067670,21701,24.63,56.65,-19.35
11/02/2019,2062,2093.45,2051.05,2065.55,2075.8,70084,3357,145480493,14551,20.76,42.4,3.55
08/02/2019,2078,2088.25,2054,2062.75,2082.53,856235,2882,1783135982,790434,92.32,34.25,-15.25
07/02/2019,2079.4,2097.8,2069.5,2079.9,2083.33,94880,3867,197666302,36271,38.23,28.3,0.5
06/02/2019,2052,2086,2040.4,2077.85,2066.18,355138,3807,733777328,290618,81.83,45.6,25.85
05/02/2019,2049,2054.75,2028.05,2044.35,2042.75,71284,2876,145615663,19421,27.24,26.7,-4.65
04/02/2019,2030,2051,2018.3,2047.15,2039.09,82381,3148,167982085,22564,27.39,32.7,17.15
01/02/2019,2005,2035,1998.3,2030.75,2022.41,112449,4549,227417754,22975,20.43,36.7,25.75
31/01/2019,1988,2019.5,1985.05,2014.6,2006.35,145616,10664,292156858,61344,42.13,34.45,26.6
30/01/2019,1983.15,1983.95,1955.1,1977.85,1973.35,102628,4634,202520498,30755,29.97,28.85,-5.3
29/01/2019,1956,1989.8,1937.3,1983.15,1962.17,126943,5389,249083632,37245,29.34,52.5,27.15
28/01/2019,1931.7,1958,1929.55,1951.95,1947.37,146761,6046,285798500,45972,31.32,28.45,20.25
25/01/2019,1904.4,1933.45,1900.75,1919.05,1920.73,97696,4731,187647872,23765,24.33,32.7,14.65
24/01/2019,1882,1904.5,1876,1901.75,1894.63,83595,3268,158381733,33937,40.6,28.5,19.75
23/01/2019,1900,1907.7,1874,1879.75,1883.72,64588,3027,121665705,16349,25.31,33.7,-20.25
22/01/2019,1908,1918.2,1890.7,1900.35,1903.31,85612,3839,162946237,27666,32.32,27.5,-7.65
21/01/2019,1900.4,1931.3,1896.55,1905.8,1917.11,145868,5952,279644770,45795,31.39,34.75,5.4
18/01/2019,1887,1904.45,1877.3,1900.4,1891.42,75507,3592,142815494,26786,35.47,27.15,13.4
17/01/2019,1871,1899,1871,1895.1,1887.93,138166,6277,260847342,51023,36.93,28,24.1
16/01/2019,1869.95,1874.8,1848.55,1870.1,1862.82,105630,4274,196769157,21307,20.17,26.25,0.15
15/01/2019,1813.55,1868,1809.55,1864.2,1847.76,180669,8717,333832526,47074,26.06,58.45,50.65
14/01/2019,1854.7,1854.85,1810.5,1814.4,1818.44,170020,10538,309170710,67588,39.75,44.35,-40.3
11/01/2019,1875,1876.05,1836.1,1841.95,1848.48,530631,26351,980859789,142980,26.95,39.95,-33.05
10/01/2019,1904,1906.8,1874.1,1888.15,1893.43,157549,8638,298307250,35172,22.32,32.7,-15.85
09/01/2019,1915,1919,1869.05,1887.8,1895.87,156721,5261,297123338,38750,24.73,49.95,-27.2
08/01/2019,1902,1908,1884,1893.05,1892.6,84481,3571,159888851,20820,24.64,24,-8.95
07/01/2019,1891.1,1909,1880.25,1896.65,1894.04,98867,4087,187258096,31343,31.7,28.75,5.55
04/01/2019,1901,1901.05,1841.5,1873.95,1867.71,320877,12058,599305454,77748,24.23,59.55,-27.05
03/01/2019,1913.5,1944,1891.7,1896.45,1914.16,155018,5675,296729201,47656,30.74,52.3,-17.05
02/01/2019,1907.9,1933,1900.55,1923.15,1921.3,145042,5128,278669556,31796,21.92,32.45,15.25
01/01/2019,1905,1909,1885.1,1902.35,1899.9,144685,2800,274887129,90664,62.66,23.9,-2.65
